职位名称,职位链接,职位类别,人数,工作地点,发布时间
['CB-海外人力资源高级经理'],['position_detail.php?id=40069&keywords=&tid=0&lid=0'],['职能类'],['1'],['深圳'],['2018-05-07']
['15581-欢乐斗棋牌Unity开发工程师（深圳）'],['position_detail.php?id=40070&keywords=&tid=0&lid=0'],['技术类'],['1'],['深圳'],['2018-05-07']
['SNG16-腾讯音乐音乐曲库运营（深圳）'],['position_detail.php?id=40072&keywords=&tid=0&lid=0'],['内容编辑类'],['1'],['深圳'],['2018-05-07']
['WXG01-117 微信客户端 Android 开发工程师（广州）'],['position_detail.php?id=40060&keywords=&tid=0&lid=0'],['技术类'],['4'],['广州'],['2018-05-07']
['MIG03-车联网高级视觉设计师'],['position_detail.php?id=40062&keywords=&tid=0&lid=0'],['设计类'],['1'],['北京'],['2018-05-07']
['WXG08-113 微信搜索开放后台开发工程师（深圳）'],['position_detail.php?id=40063&keywords=&tid=0&lid=0'],['技术类'],['2'],['深圳'],['2018-05-07']
['SNG01-腾讯文档Web前端开发工程师（深圳）'],['position_detail.php?id=40066&keywords=&tid=0&lid=0'],['技术类'],['4'],['深圳'],['2018-05-07']
['SNG04-QQ看点推送系统后台研发工程师（深圳）'],['position_detail.php?id=40052&keywords=&tid=0&lid=0'],['技术类'],['2'],['深圳'],['2018-05-07']
['WXG06-212 微信支付金融产品策划经理（深圳）'],['position_detail.php?id=40059&keywords=&tid=0&lid=0'],['产品/项目类'],['1'],['深圳'],['2018-05-07']
['SNG11-业务运维工程师（深圳）'],['position_detail.php?id=40061&keywords=&tid=0&lid=0'],['技术类'],['1'],['深圳'],['2018-05-07']
['SNG17-QQ支付后台开发工程师'],['position_detail.php?id=39999&keywords=&tid=0&lid=0'],['技术类'],['2'],['深圳'],['2018-05-07']
['OMG192-腾讯广告销售经理（上海）'],['position_detail.php?id=40001&keywords=&tid=0&lid=0'],['市场类'],['1'],['上海'],['2018-05-07']
['15851-游戏音频开发工程师（深圳）'],['position_detail.php?id=40006&keywords=&tid=0&lid=0'],['技术类'],['1'],['深圳'],['2018-05-07']
['SNG17-QQ钱包Android开发工程师（深圳）'],['position_detail.php?id=39993&keywords=&tid=0&lid=0'],['技术类'],['1'],['深圳'],['2018-05-07']
['SNG17-QQ钱包后台开发工程师（深圳）'],['position_detail.php?id=39995&keywords=&tid=0&lid=0'],['技术类'],['1'],['深圳'],['2018-05-07']
['SNG17-QQ支付web前端开发工程师（深圳）'],['position_detail.php?id=39996&keywords=&tid=0&lid=0'],['技术类'],['1'],['深圳'],['2018-05-07']
['SNG17-QQ钱包产品运营经理（深圳）'],['position_detail.php?id=39997&keywords=&tid=0&lid=0'],['产品/项目类'],['2'],['深圳'],['2018-05-07']
['SNG17-QQ支付产品策划经理（深圳）'],['position_detail.php?id=39998&keywords=&tid=0&lid=0'],['产品/项目类'],['1'],['深圳'],['2018-05-07']
['OMG192-腾讯广告渠道销售经理（深圳）'],['position_detail.php?id=40000&keywords=&tid=0&lid=0'],['市场类'],['1'],['深圳'],['2018-05-07']
['SNG17-手Q轻游戏平台后台开发工程师（深圳）'],['position_detail.php?id=39987&keywords=&tid=0&lid=0'],['技术类'],['2'],['深圳'],['2018-05-07']
['25928-资深游戏架构师（深圳）'],['position_detail.php?id=40032&keywords=&tid=0&lid=0'],['技术类'],['1'],['深圳'],['2018-05-07']
['21090-游戏社区运营（深圳）'],['position_detail.php?id=40023&keywords=&tid=0&lid=0'],['产品/项目类'],['1'],['深圳'],['2018-05-07']
['21085-Web应用开发工程师（上海）'],['position_detail.php?id=40026&keywords=&tid=0&lid=0'],['技术类'],['1'],['上海'],['2018-05-07']
['25928-游戏交互设计（深圳）'],['position_detail.php?id=40027&keywords=&tid=0&lid=0'],['设计类'],['2'],['深圳'],['2018-05-07']
['19840-影视开放平台后台开发工程师（深圳）'],['position_detail.php?id=40020&keywords=&tid=0&lid=0'],['技术类'],['1'],['深圳'],['2018-05-07']
['21090-高级游戏运营策划（深圳）'],['position_detail.php?id=40021&keywords=&tid=0&lid=0'],['产品/项目类'],['3'],['深圳'],['2018-05-07']
['23295-PHP开发工程师（深圳）'],['position_detail.php?id=40015&keywords=&tid=0&lid=0'],['技术类'],['1'],['深圳'],['2018-05-07']
['15851-游戏音频开发工程师（深圳）'],['position_detail.php?id=40007&keywords=&tid=0&lid=0'],['技术类'],['1'],['深圳'],['2018-05-07']
['15851-游戏AI开发工程师（深圳）'],['position_detail.php?id=40009&keywords=&tid=0&lid=0'],['技术类'],['1'],['深圳'],['2018-05-07']
['15851-游戏Android开发工程师（深圳）'],['position_detail.php?id=40012&keywords=&tid=0&lid=0'],['技术类'],['2'],['深圳'],['2018-05-07']
['18402-RPG手游本地化策划（深圳）'],['position_detail.php?id=40046&keywords=&tid=0&lid=0'],['产品/项目类'],['1'],['深圳'],['2018-05-07']
['SNG04-QQ看点推送内容推荐算法工程师（深圳）'],['position_detail.php?id=40049&keywords=&tid=0&lid=0'],['技术类'],['2'],['深圳'],['2018-05-07']
['17759-游戏运营web前端开发'],['position_detail.php?id=40055&keywords=&tid=0&lid=0'],['技术类'],['1'],['北京'],['2018-05-07']
['26787-收入运营经理'],['position_detail.php?id=40040&keywords=&tid=0&lid=0'],['产品/项目类'],['1'],['深圳'],['2018-05-07']
['SNG03-互动视频web前端开发工程师（深圳）'],['position_detail.php?id=40043&keywords=&tid=0&lid=0'],['技术类'],['2'],['深圳'],['2018-05-07']
['18402-RPG手游商业化及活动运营（深圳）'],['position_detail.php?id=40047&keywords=&tid=0&lid=0'],['产品/项目类'],['1'],['深圳'],['2018-05-07']
['26787-商务合作经理'],['position_detail.php?id=40041&keywords=&tid=0&lid=0'],['市场类'],['1'],['北京'],['2018-05-07']
['25928-游戏云平台高级产品经理（深圳）'],['position_detail.php?id=40029&keywords=&tid=0&lid=0'],['产品/项目类'],['1'],['深圳'],['2018-05-07']
['25928-游戏云高级前端开发工程师（深圳）'],['position_detail.php?id=40030&keywords=&tid=0&lid=0'],['技术类'],['1'],['深圳'],['2018-05-07']
['25928-游戏云高级前端开发工程师（深圳）'],['position_detail.php?id=40031&keywords=&tid=0&lid=0'],['技术类'],['1'],['上海'],['2018-05-07']
['SNG17-QQ智慧校园高级产品策划（深圳）'],['position_detail.php?id=39989&keywords=&tid=0&lid=0'],['产品/项目类'],['1'],['深圳'],['2018-05-07']
['SNG17-QQ支付项目经理（深圳）'],['position_detail.php?id=39990&keywords=&tid=0&lid=0'],['产品/项目类'],['1'],['深圳'],['2018-05-07']
['SNG17-QQ钱包商业支付KA客户运营经理（深圳）'],['position_detail.php?id=39991&keywords=&tid=0&lid=0'],['产品/项目类'],['1'],['深圳'],['2018-05-07']
['SNG17-QQ支付产品策划经理（深圳）'],['position_detail.php?id=39992&keywords=&tid=0&lid=0'],['产品/项目类'],['1'],['深圳'],['2018-05-07']
['SNG17-后台开发工程师（深圳）'],['position_detail.php?id=39994&keywords=&tid=0&lid=0'],['技术类'],['1'],['深圳'],['2018-05-07']
['SNG17-厘米秀后台开发工程师（深圳）'],['position_detail.php?id=39981&keywords=&tid=0&lid=0'],['技术类'],['1'],['深圳'],['2018-05-07']
['SNG17-厘米秀后台开发工程师（深圳）'],['position_detail.php?id=39983&keywords=&tid=0&lid=0'],['技术类'],['1'],['深圳'],['2018-05-07']
['SNG17-QQ运动高级产品运营经理（深圳）'],['position_detail.php?id=39984&keywords=&tid=0&lid=0'],['产品/项目类'],['1'],['深圳'],['2018-05-07']
['SNG17-厘米秀产品策划(深圳)'],['position_detail.php?id=39985&keywords=&tid=0&lid=0'],['产品/项目类'],['1'],['深圳'],['2018-05-07']
['SNG17-手Q厘米秀IOS开发工程师（深圳）'],['position_detail.php?id=39986&keywords=&tid=0&lid=0'],['技术类'],['2'],['深圳'],['2018-05-07']
['SNG17-QQ厘米秀引擎开发高级工程师（深圳）'],['position_detail.php?id=39988&keywords=&tid=0&lid=0'],['技术类'],['1'],['深圳'],['2018-05-07']
['SNG04-QQ看点内容平台高级开发工程师（上海）'],['position_detail.php?id=39977&keywords=&tid=0&lid=0'],['技术类'],['2'],['上海'],['2018-05-07']
['SNG04-商业变现产品经理（上海）'],['position_detail.php?id=39978&keywords=&tid=0&lid=0'],['产品/项目类'],['1'],['上海'],['2018-05-07']
['SNG03-直播商业化运营经理（深圳）'],['position_detail.php?id=39979&keywords=&tid=0&lid=0'],['产品/项目类'],['1'],['深圳'],['2018-05-07']
['SNG17-QQ钱包后台开发工程师（深圳）'],['position_detail.php?id=39980&keywords=&tid=0&lid=0'],['技术类'],['1'],['深圳'],['2018-05-07']
['18402-高级游戏视频设计师（深圳）'],['position_detail.php?id=39982&keywords=&tid=0&lid=0'],['设计类'],['2'],['深圳'],['2018-05-07']
['WXG01-113 微信后台开发工程师（广州）'],['position_detail.php?id=39973&keywords=&tid=0&lid=0'],['技术类'],['1'],['广州'],['2018-05-07']
['16175-eSports Manager C Mobile Game'],['position_detail.php?id=39974&keywords=&tid=0&lid=0'],['产品/项目类'],['1'],['深圳'],['2018-05-07']
['WXG02-153 微信系统稳定性工程师（质量管理工程师）'],['position_detail.php?id=39975&keywords=&tid=0&lid=0'],['技术类'],['1'],['广州'],['2018-05-07']
['SNG04-内容平台高级策略算法工程师(上海)'],['position_detail.php?id=39976&keywords=&tid=0&lid=0'],['技术类'],['2'],['上海'],['2018-05-07']
['MIG15-语音用户界面 (VUI) 产品设计师（深圳）'],['position_detail.php?id=39965&keywords=&tid=0&lid=0'],['产品/项目类'],['1'],['深圳'],['2018-05-07']
['MIG06-自然语言处理研究员（深圳）'],['position_detail.php?id=39968&keywords=&tid=0&lid=0'],['技术类'],['2'],['深圳'],['2018-05-07']
['MIG06-应用宝渠道拓展经理（深圳）'],['position_detail.php?id=39969&keywords=&tid=0&lid=0'],['产品/项目类'],['4'],['深圳'],['2018-05-07']
['MIG16-自动驾驶数据平台高级前端开发工程师（北京）'],['position_detail.php?id=39970&keywords=&tid=0&lid=0'],['技术类'],['1'],['北京'],['2018-05-07']
['23674-腾讯新闻客户端Android开发工程师（北京）'],['position_detail.php?id=39960&keywords=&tid=0&lid=0'],['技术类'],['1'],['北京'],['2018-05-07']
['23674-腾讯新闻客户端付费内容产品经理（北京）'],['position_detail.php?id=39962&keywords=&tid=0&lid=0'],['技术类'],['1'],['北京'],['2018-05-07']
['23674-腾讯新闻付费内容商务拓展（北京）'],['position_detail.php?id=39963&keywords=&tid=0&lid=0'],['市场类'],['1'],['北京'],['2018-05-07']
['23674-腾讯新闻付费内容运营编辑（北京）'],['position_detail.php?id=39964&keywords=&tid=0&lid=0'],['内容编辑类'],['1'],['北京'],['2018-05-07']
['SA-腾讯社交广告渠道合作产品运营经理（微信广告 深圳）'],['position_detail.php?id=39953&keywords=&tid=0&lid=0'],['产品/项目类'],['2'],['深圳'],['2018-05-07']
['20718-Java高级开发工程师（深圳）'],['position_detail.php?id=39955&keywords=&tid=0&lid=0'],['技术类'],['1'],['深圳'],['2018-05-07']
['MIG03-研发工具技术组长（深圳）'],['position_detail.php?id=39956&keywords=&tid=0&lid=0'],['技术类'],['1'],['深圳'],['2018-05-07']
['MIG03-持续交付工具链产品经理/产品负责人（深圳）'],['position_detail.php?id=39957&keywords=&tid=0&lid=0'],['产品/项目类'],['1'],['深圳'],['2018-05-07']
['23674-腾讯新闻付费内容后台研发工程师（北京）'],['position_detail.php?id=39958&keywords=&tid=0&lid=0'],['技术类'],['1'],['北京'],['2018-05-07']
['23674-腾讯新闻PHP开发工程师（北京）'],['position_detail.php?id=39959&keywords=&tid=0&lid=0'],['技术类'],['1'],['北京'],['2018-05-07']
['23674-腾讯新闻客户端iOS开发工程师（北京）'],['position_detail.php?id=39961&keywords=&tid=0&lid=0'],['技术类'],['1'],['北京'],['2018-05-07']
['OMG236-腾讯视频APP后台开发工程师（深圳）'],['position_detail.php?id=39949&keywords=&tid=0&lid=0'],['技术类'],['3'],['深圳'],['2018-05-07']
['24111-项目经理'],['position_detail.php?id=39950&keywords=&tid=0&lid=0'],['产品/项目类'],['1'],['深圳'],['2018-05-07']
['27216-TO B 金融产品经理（深圳）'],['position_detail.php?id=39951&keywords=&tid=0&lid=0'],['产品/项目类'],['1'],['深圳'],['2018-05-07']
['SA-腾讯社交广告Q系流量合作运营经理（QQ广告 深圳）'],['position_detail.php?id=39952&keywords=&tid=0&lid=0'],['产品/项目类'],['2'],['深圳'],['2018-05-07']
['23671-短视频运营 - 出品方向'],['position_detail.php?id=39954&keywords=&tid=0&lid=0'],['内容编辑类'],['2'],['北京'],['2018-05-07']
['25928-技术合作项目经理（深圳）'],['position_detail.php?id=39940&keywords=&tid=0&lid=0'],['产品/项目类'],['1'],['深圳'],['2018-05-07']
['AQ-内容安全系统验证经理'],['position_detail.php?id=39941&keywords=&tid=0&lid=0'],['职能类'],['1'],['深圳'],['2018-05-07']
['S2-FIT财务管理（深圳）'],['position_detail.php?id=39943&keywords=&tid=0&lid=0'],['职能类'],['1'],['深圳'],['2018-05-07']
['OMG236-腾讯视频APP后台开发工程师（深圳）'],['position_detail.php?id=39944&keywords=&tid=0&lid=0'],['技术类'],['3'],['深圳'],['2018-05-07']
['SNG08-微视产品运营经理（深圳）'],['position_detail.php?id=39945&keywords=&tid=0&lid=0'],['产品/项目类'],['2'],['深圳'],['2018-05-07']
['SNG08-微视产品营销经理（深圳）'],['position_detail.php?id=39946&keywords=&tid=0&lid=0'],['产品/项目类'],['2'],['深圳'],['2018-05-07']
['SNG08-微视产品数据分析师（深圳）'],['position_detail.php?id=39947&keywords=&tid=0&lid=0'],['产品/项目类'],['2'],['深圳'],['2018-05-07']
['SNG08-社区运营经理（深圳）'],['position_detail.php?id=39948&keywords=&tid=0&lid=0'],['内容编辑类'],['2'],['深圳'],['2018-05-07']
['20718-智能硬件后台开发（深圳）'],['position_detail.php?id=39937&keywords=&tid=0&lid=0'],['技术类'],['3'],['深圳'],['2018-05-07']
['MIG16-车联网项目经理（北京）'],['position_detail.php?id=39938&keywords=&tid=0&lid=0'],['产品/项目类'],['1'],['北京'],['2018-05-07']
['27092-前端开发工程师（深圳）'],['position_detail.php?id=39939&keywords=&tid=0&lid=0'],['技术类'],['1'],['深圳'],['2018-05-07']
['AQ-内容安全系统验证经理'],['position_detail.php?id=39942&keywords=&tid=0&lid=0'],['职能类'],['1'],['广州'],['2018-05-07']
['20718-AI技术开发工程师（深圳）'],['position_detail.php?id=39935&keywords=&tid=0&lid=0'],['技术类'],['3'],['深圳'],['2018-05-07']
['20718-智能业务后台开发工程师（深圳）'],['position_detail.php?id=39936&keywords=&tid=0&lid=0'],['技术类'],['4'],['深圳'],['2018-05-07']
['WXG10-321 企业微信商务推广经理（北京-金融行业）'],['position_detail.php?id=39930&keywords=&tid=0&lid=0'],['市场类'],['1'],['北京'],['2018-05-07']
['15571-主美术'],['position_detail.php?id=39931&keywords=&tid=0&lid=0'],['设计类'],['1'],['深圳'],['2018-05-07']
['17759-游戏内容合作经理'],['position_detail.php?id=39932&keywords=&tid=0&lid=0'],['市场类'],['1'],['北京'],['2018-05-07']
['24549-销售策略（培训）岗位（北京）'],['position_detail.php?id=39933&keywords=&tid=0&lid=0'],['市场类'],['2'],['北京'],['2018-05-07']
['24549-销售策略（广告平台）岗位'],['position_detail.php?id=39934&keywords=&tid=0&lid=0'],['产品/项目类'],['2'],['北京'],['2018-05-07']
['MIG06-应用宝数据挖掘算法工程师（深圳）'],['position_detail.php?id=39925&keywords=&tid=0&lid=0'],['技术类'],['3'],['深圳'],['2018-05-07']
['17759-腾讯视频小说频道用户运营'],['position_detail.php?id=39913&keywords=&tid=0&lid=0'],['内容编辑类'],['1'],['北京'],['2018-05-07']
['17759-腾讯视频小说/漫画频道设计师'],['position_detail.php?id=39915&keywords=&tid=0&lid=0'],['内容编辑类'],['1'],['北京'],['2018-05-07']
['TEG15-风控（海外）策略及数据分析工程师（深圳）'],['position_detail.php?id=39916&keywords=&tid=0&lid=0'],['技术类'],['1'],['深圳'],['2018-05-07']
['24548-商业化产品经理'],['position_detail.php?id=39917&keywords=&tid=0&lid=0'],['产品/项目类'],['1'],['北京'],['2018-05-07']
['22090-品牌运营设计师（深圳）'],['position_detail.php?id=39919&keywords=&tid=0&lid=0'],['设计类'],['3'],['深圳'],['2018-05-07']
['SNG04-高级产品经理――MCN接入管理（上海）'],['position_detail.php?id=39908&keywords=&tid=0&lid=0'],['产品/项目类'],['1'],['上海'],['2018-05-07']
['HY6-产品运营经理（深圳）'],['position_detail.php?id=39911&keywords=&tid=0&lid=0'],['产品/项目类'],['2'],['深圳'],['2018-05-07']
['MIG03-测试开发工程师（武汉）'],['position_detail.php?id=39912&keywords=&tid=0&lid=0'],['技术类'],['1'],['武汉'],['2018-05-07']
['17759-腾讯视频资深漫画编辑'],['position_detail.php?id=39914&keywords=&tid=0&lid=0'],['内容编辑类'],['2'],['北京'],['2018-05-07']
['SNG04-高级产品经理――头部KOL管理（上海）'],['position_detail.php?id=39906&keywords=&tid=0&lid=0'],['产品/项目类'],['1'],['上海'],['2018-05-07']
['MIG16-车联网车载导航产品经理（北京）'],['position_detail.php?id=39926&keywords=&tid=0&lid=0'],['产品/项目类'],['1'],['北京'],['2018-05-07']
['22967-腾讯广告大客户渠道销售经理（上海）'],['position_detail.php?id=39927&keywords=&tid=0&lid=0'],['市场类'],['1'],['上海'],['2018-05-07']
['SNG08-微云产品经理（深圳）'],['position_detail.php?id=39928&keywords=&tid=0&lid=0'],['产品/项目类'],['1'],['深圳'],['2018-05-07']
['20503-深度学习集群运营工程师（深圳）'],['position_detail.php?id=39929&keywords=&tid=0&lid=0'],['技术类'],['2'],['深圳'],['2018-05-07']
['MIG06-应用宝平台产品经理（深圳）'],['position_detail.php?id=39918&keywords=&tid=0&lid=0'],['产品/项目类'],['1'],['深圳'],['2018-05-07']
['MIG15-智能终端产品经理'],['position_detail.php?id=39920&keywords=&tid=0&lid=0'],['产品/项目类'],['1'],['深圳'],['2018-05-07']
['25924-高级客户端开发工程师（深圳）'],['position_detail.php?id=39921&keywords=&tid=0&lid=0'],['技术类'],['1'],['深圳'],['2018-05-07']
['21085-CF手游游戏运营（深圳）'],['position_detail.php?id=39922&keywords=&tid=0&lid=0'],['产品/项目类'],['1'],['深圳'],['2018-05-07']
['21085-手工星球内容运营（深圳）'],['position_detail.php?id=39923&keywords=&tid=0&lid=0'],['产品/项目类'],['1'],['深圳'],['2018-05-07']
['21085-CFHD游戏策划（深圳）'],['position_detail.php?id=39924&keywords=&tid=0&lid=0'],['产品/项目类'],['1'],['深圳'],['2018-05-07']
['25925-智能AI高级产品经理（深圳）'],['position_detail.php?id=39898&keywords=&tid=0&lid=0'],['产品/项目类'],['1'],['深圳'],['2018-05-07']
['TEG05-高级FPGA工程师（深圳）'],['position_detail.php?id=39899&keywords=&tid=0&lid=0'],['技术类'],['1'],['深圳'],['2018-05-07']
['18302-UE4大世界手游资深客户端工程师（深圳）'],['position_detail.php?id=39901&keywords=&tid=0&lid=0'],['技术类'],['1'],['深圳'],['2018-05-07']
['27087-投后管理商业化产品经理（深圳）'],['position_detail.php?id=39889&keywords=&tid=0&lid=0'],['产品/项目类'],['1'],['深圳'],['2018-05-07']
['22968-国际日化销售经理（上海）'],['position_detail.php?id=39891&keywords=&tid=0&lid=0'],['市场类'],['1'],['上海'],['2018-05-07']
['WXG06-211 微信支付大数据运营经理（深圳）'],['position_detail.php?id=39892&keywords=&tid=0&lid=0'],['产品/项目类'],['1'],['深圳'],['2018-05-07']
['26564-移动终端应用开发工程师(深圳）'],['position_detail.php?id=39895&keywords=&tid=0&lid=0'],['技术类'],['1'],['深圳'],['2018-05-07']
['WXG10-143 后台策略安全高级工程师（广州）'],['position_detail.php?id=39885&keywords=&tid=0&lid=0'],['技术类'],['2'],['广州'],['2018-05-07']
['24491-王者荣耀全球版-手游服务器开发工程师'],['position_detail.php?id=39886&keywords=&tid=0&lid=0'],['技术类'],['2'],['深圳'],['2018-05-07']
['23672-腾讯新闻产业资讯运营编辑'],['position_detail.php?id=39888&keywords=&tid=0&lid=0'],['内容编辑类'],['1'],['北京'],['2018-05-07']
['SNG04-高级产品经理――账号体系（上海）'],['position_detail.php?id=39907&keywords=&tid=0&lid=0'],['产品/项目类'],['1'],['上海'],['2018-05-07']
['SNG04-高级产品经理――数据管理和分析（上海）'],['position_detail.php?id=39909&keywords=&tid=0&lid=0'],['产品/项目类'],['1'],['上海'],['2018-05-07']
['18302-Unreal4手游客户端资深开发工程师（深圳）'],['position_detail.php?id=39900&keywords=&tid=0&lid=0'],['技术类'],['1'],['深圳'],['2018-05-07']
['25926-NLP算法高级工程师（深圳）'],['position_detail.php?id=39902&keywords=&tid=0&lid=0'],['技术类'],['1'],['深圳'],['2018-05-07']
['OMG148-商务拓展经理（北京）'],['position_detail.php?id=39903&keywords=&tid=0&lid=0'],['内容编辑类'],['2'],['北京'],['2018-05-07']
['OMG148-平台产品运营（北京）'],['position_detail.php?id=39904&keywords=&tid=0&lid=0'],['内容编辑类'],['2'],['北京'],['2018-05-07']
['20503-优图技术实施工程师（上海）'],['position_detail.php?id=39905&keywords=&tid=0&lid=0'],['技术类'],['1'],['上海'],['2018-05-07']
['WXG06-211 微信支付平台产品运营经理（深圳）'],['position_detail.php?id=39893&keywords=&tid=0&lid=0'],['产品/项目类'],['1'],['深圳'],['2018-05-07']
['HY6-校园推广经理（深圳）'],['position_detail.php?id=39894&keywords=&tid=0&lid=0'],['市场类'],['1'],['深圳'],['2018-05-07']
['HY3-游戏直播数据分析（深圳）'],['position_detail.php?id=39896&keywords=&tid=0&lid=0'],['市场类'],['2'],['深圳'],['2018-05-07']
['27087-众创空间区域运营经理（成都）'],['position_detail.php?id=39857&keywords=&tid=0&lid=0'],['产品/项目类'],['1'],['成都'],['2018-05-07']
['15605-UE4客户端开发工程师（深圳）'],['position_detail.php?id=39859&keywords=&tid=0&lid=0'],['技术类'],['1'],['深圳'],['2018-05-07']
['15605-UE4 引擎开发工程师（深圳）'],['position_detail.php?id=39860&keywords=&tid=0&lid=0'],['技术类'],['1'],['深圳'],['2018-05-07']
['SNG16-全民K歌视频类新产品后台开发（深圳）'],['position_detail.php?id=39851&keywords=&tid=0&lid=0'],['技术类'],['3'],['深圳'],['2018-05-07']
['21309-企鹅辅导初高中物理教研教学老师（深圳）'],['position_detail.php?id=39853&keywords=&tid=0&lid=0'],['产品/项目类'],['1'],['深圳'],['2018-05-07']
['SNG11-AIOps应用/算法运维工程师（深圳）'],['position_detail.php?id=39855&keywords=&tid=0&lid=0'],['技术类'],['2'],['深圳'],['2018-05-07']
['27087-青腾大学课程架构经理（深圳）'],['position_detail.php?id=39856&keywords=&tid=0&lid=0'],['产品/项目类'],['1'],['深圳'],['2018-05-07']
['WXG03-122 小程序算法工程师（广州）'],['position_detail.php?id=39858&keywords=&tid=0&lid=0'],['技术类'],['3'],['广州'],['2018-05-07']
['24491-League Operations Manager（美国）'],['position_detail.php?id=39846&keywords=&tid=0&lid=0'],['产品/项目类'],['1'],['美国'],['2018-05-07']
['21309-平台用户运营经理（深圳）'],['position_detail.php?id=39848&keywords=&tid=0&lid=0'],['产品/项目类'],['1'],['深圳'],['2018-05-07']
['EC-高级web前端开发工程师（深圳）'],['position_detail.php?id=39876&keywords=&tid=0&lid=0'],['技术类'],['1'],['深圳'],['2018-05-07']
['EC-测试工程师'],['position_detail.php?id=39878&keywords=&tid=0&lid=0'],['技术类'],['1'],['深圳'],['2018-05-07']
['MIG16-车联网专项经理'],['position_detail.php?id=39879&keywords=&tid=0&lid=0'],['产品/项目类'],['1'],['北京'],['2018-05-07']
['MIG16-腾讯地图公交后台开发工程师'],['position_detail.php?id=39880&keywords=&tid=0&lid=0'],['技术类'],['1'],['北京'],['2018-05-07']
['22852-演播技术开发工程师'],['position_detail.php?id=39872&keywords=&tid=0&lid=0'],['技术类'],['1'],['北京'],['2018-05-07']
['EC-互联网课程策划'],['position_detail.php?id=39873&keywords=&tid=0&lid=0'],['产品/项目类'],['1'],['深圳'],['2018-05-07']
['EC-中小学校园平台产品经理'],['position_detail.php?id=39874&keywords=&tid=0&lid=0'],['产品/项目类'],['1'],['深圳'],['2018-05-07']
['EC-交互设计师'],['position_detail.php?id=39875&keywords=&tid=0&lid=0'],['设计类'],['1'],['深圳'],['2018-05-07']
['EC-后台开发工程师（深圳）'],['position_detail.php?id=39877&keywords=&tid=0&lid=0'],['技术类'],['1'],['深圳'],['2018-05-07']
['AQ-业务安全主管(广州)'],['position_detail.php?id=39867&keywords=&tid=0&lid=0'],['职能类'],['1'],['广州'],['2018-05-07']
['AQ-行业合作经理（北京）'],['position_detail.php?id=39868&keywords=&tid=0&lid=0'],['职能类'],['1'],['北京'],['2018-05-07']
['GH-智慧水务大数据工程师'],['position_detail.php?id=39869&keywords=&tid=0&lid=0'],['技术类'],['1'],['深圳'],['2018-05-07']
['GH-智慧给排水模型工程师'],['position_detail.php?id=39870&keywords=&tid=0&lid=0'],['技术类'],['1'],['深圳'],['2018-05-07']
['GH-智慧水务GIS开发工程师'],['position_detail.php?id=39871&keywords=&tid=0&lid=0'],['技术类'],['1'],['深圳'],['2018-05-07']
['15605-资深UE4技术美术（深圳）'],['position_detail.php?id=39861&keywords=&tid=0&lid=0'],['设计类'],['1'],['深圳'],['2018-05-07']
['15605-U3D客户端开发工程师（深圳）'],['position_detail.php?id=39862&keywords=&tid=0&lid=0'],['技术类'],['2'],['深圳'],['2018-05-07']
['WXG03-115 小程序 iOS 开发工程师（广州）'],['position_detail.php?id=39863&keywords=&tid=0&lid=0'],['技术类'],['2'],['广州'],['2018-05-07']
['WXG03-115 小程序 iOS 开发高级工程师（广州）'],['position_detail.php?id=39864&keywords=&tid=0&lid=0'],['技术类'],['2'],['广州'],['2018-05-07']
['AQ-业务安全主管(深圳)'],['position_detail.php?id=39865&keywords=&tid=0&lid=0'],['职能类'],['1'],['深圳'],['2018-05-07']
['AQ-业务安全主管(北京)'],['position_detail.php?id=39866&keywords=&tid=0&lid=0'],['职能类'],['1'],['北京'],['2018-05-07']
['21309-内容运营经理（深圳）'],['position_detail.php?id=39849&keywords=&tid=0&lid=0'],['产品/项目类'],['1'],['深圳'],['2018-05-07']
['21557-Sr. Researcher/Principal Researcher（美国）'],['position_detail.php?id=39850&keywords=&tid=0&lid=0'],['技术类'],['1'],['美国'],['2018-05-07']
['25928-视觉设计师（深圳）'],['position_detail.php?id=39852&keywords=&tid=0&lid=0'],['设计类'],['2'],['深圳'],['2018-05-07']
['MIG08-商务拓展经理(腾讯WiFi管家)（上海）'],['position_detail.php?id=39839&keywords=&tid=0&lid=0'],['产品/项目类'],['1'],['上海'],['2018-05-07']
['MIG08-商业化运营产品经理（广州）'],['position_detail.php?id=39841&keywords=&tid=0&lid=0'],['产品/项目类'],['1'],['广州'],['2018-05-07']
['23671-企鹅号平台产品经理（北京）'],['position_detail.php?id=39842&keywords=&tid=0&lid=0'],['产品/项目类'],['1'],['北京'],['2018-05-07']
['MIG08-Android基础开发（广州）'],['position_detail.php?id=39843&keywords=&tid=0&lid=0'],['技术类'],['1'],['广州'],['2018-05-07']
['TEG03-数据挖掘工程师（深圳）'],['position_detail.php?id=39844&keywords=&tid=0&lid=0'],['技术类'],['3'],['深圳'],['2018-05-07']
['TEG03-高级物联网研发工程师（深圳）'],['position_detail.php?id=39845&keywords=&tid=0&lid=0'],['技术类'],['2'],['深圳'],['2018-05-07']
['15612-手游后台开发工程师（深圳）'],['position_detail.php?id=39847&keywords=&tid=0&lid=0'],['技术类'],['1'],['深圳'],['2018-05-07']
['SA-腾讯社交广告联盟广告应用开发高级工程师（北京）'],['position_detail.php?id=39832&keywords=&tid=0&lid=0'],['技术类'],['2'],['北京'],['2018-05-07']
['22025-沙盒资深3D关卡设计（深圳）'],['position_detail.php?id=39833&keywords=&tid=0&lid=0'],['设计类'],['1'],['深圳'],['2018-05-07']
['22025-沙盒游戏资深TA技术美术（深圳）'],['position_detail.php?id=39834&keywords=&tid=0&lid=0'],['设计类'],['1'],['深圳'],['2018-05-07']
['22025-沙盒游戏资深2D原画设计（深圳）'],['position_detail.php?id=39835&keywords=&tid=0&lid=0'],['设计类'],['1'],['深圳'],['2018-05-07']
['22025-大世界沙盒游戏特效设计师（深圳）'],['position_detail.php?id=39836&keywords=&tid=0&lid=0'],['设计类'],['1'],['深圳'],['2018-05-07']
['22025-沙盒游戏资深2D场景设计（深圳）'],['position_detail.php?id=39837&keywords=&tid=0&lid=0'],['设计类'],['1'],['深圳'],['2018-05-07']
['22025-沙盒游戏资深3D动画特效设计（深圳）'],['position_detail.php?id=39838&keywords=&tid=0&lid=0'],['设计类'],['1'],['深圳'],['2018-05-07']
['MIG08-产品运营经理(腾讯WiFi管家)（广州）'],['position_detail.php?id=39840&keywords=&tid=0&lid=0'],['产品/项目类'],['1'],['广州'],['2018-05-07']
['综合体育内容运营（北京）'],['position_detail.php?id=39825&keywords=&tid=0&lid=0'],['内容编辑类'],['1'],['北京'],['2018-05-07']
['MIG06-C/C++后台开发工程师（深圳）'],['position_detail.php?id=39826&keywords=&tid=0&lid=0'],['技术类'],['3'],['深圳'],['2018-05-07']
['SNG16-腾讯音乐Android开发工程师（北京）'],['position_detail.php?id=39807&keywords=&tid=0&lid=0'],['技术类'],['2'],['北京'],['2018-05-07']
['SNG16-腾讯音乐后台开发工程师（北京）'],['position_detail.php?id=39808&keywords=&tid=0&lid=0'],['技术类'],['2'],['北京'],['2018-05-07']
['GY0-Web开发工程师（深圳）'],['position_detail.php?id=39810&keywords=&tid=0&lid=0'],['技术类'],['1'],['深圳'],['2018-05-07']
['18402-移动游戏数据分析（深圳）'],['position_detail.php?id=39800&keywords=&tid=0&lid=0'],['产品/项目类'],['1'],['深圳'],['2018-05-07']
['18402-休闲类手游运营负责人（深圳）'],['position_detail.php?id=39801&keywords=&tid=0&lid=0'],['产品/项目类'],['1'],['深圳'],['2018-05-07']
['18402-RPG/FPS品类手游运营负责人（深圳）'],['position_detail.php?id=39802&keywords=&tid=0&lid=0'],['产品/项目类'],['1'],['深圳'],['2018-05-07']
['25923-游戏高级技术运营工程师（成都）'],['position_detail.php?id=39804&keywords=&tid=0&lid=0'],['技术类'],['1'],['成都'],['2018-05-07']
['24546-内容运营营销组组长（北京）'],['position_detail.php?id=39792&keywords=&tid=0&lid=0'],['内容编辑类'],['1'],['北京'],['2018-05-07']
['18302-新横版动作手游高级运营经理（深圳）'],['position_detail.php?id=39794&keywords=&tid=0&lid=0'],['产品/项目类'],['1'],['深圳'],['2018-05-07']
['SNG01-web前端开发工程师（北京）'],['position_detail.php?id=39795&keywords=&tid=0&lid=0'],['技术类'],['1'],['北京'],['2018-05-07']
['18436-资产证券化云平台金融风控专家'],['position_detail.php?id=39819&keywords=&tid=0&lid=0'],['技术类'],['1'],['深圳'],['2018-05-07']
['MIG06-应用宝推荐架构后台开发（深圳）'],['position_detail.php?id=39820&keywords=&tid=0&lid=0'],['技术类'],['2'],['深圳'],['2018-05-07']
['CS-高级视觉设计师'],['position_detail.php?id=39822&keywords=&tid=0&lid=0'],['设计类'],['1'],['深圳'],['2018-05-07']
['OMG08-媒介经理（项目制）'],['position_detail.php?id=39809&keywords=&tid=0&lid=0'],['市场类'],['1'],['北京'],['2018-05-07']
['24491-Content Manager'],['position_detail.php?id=39811&keywords=&tid=0&lid=0'],['产品/项目类'],['1'],['美国'],['2018-05-07']
['24491-Sr. Community Manager'],['position_detail.php?id=39812&keywords=&tid=0&lid=0'],['产品/项目类'],['1'],['美国'],['2018-05-07']
['MIG06-应用宝合作渠道产品经理（深圳）'],['position_detail.php?id=39813&keywords=&tid=0&lid=0'],['产品/项目类'],['2'],['深圳'],['2018-05-07']
['23674-Android开发工程师（北京）'],['position_detail.php?id=39803&keywords=&tid=0&lid=0'],['技术类'],['2'],['北京'],['2018-05-07']
['SNG06-QQ动漫终端开发工程师（深圳）'],['position_detail.php?id=39805&keywords=&tid=0&lid=0'],['技术类'],['1'],['深圳'],['2018-05-07']
['17757-香港新闻编辑（香港）'],['position_detail.php?id=39806&keywords=&tid=0&lid=0'],['内容编辑类'],['1'],['香港'],['2018-05-07']
['SNG04-内容平台产品经理（内容策略）'],['position_detail.php?id=39827&keywords=&tid=0&lid=0'],['产品/项目类'],['1'],['上海'],['2018-05-07']
['SNG04-内容平台产品运营经理'],['position_detail.php?id=39828&keywords=&tid=0&lid=0'],['产品/项目类'],['1'],['上海'],['2018-05-07']
['25664-腾讯云交付项目经理（深圳）'],['position_detail.php?id=39830&keywords=&tid=0&lid=0'],['产品/项目类'],['2'],['深圳'],['2018-05-07']
['27092-移动商业后台开发工程师（深圳）'],['position_detail.php?id=39821&keywords=&tid=0&lid=0'],['技术类'],['2'],['深圳'],['2018-05-07']
['15602-3D手游项目主美（深圳）'],['position_detail.php?id=39823&keywords=&tid=0&lid=0'],['设计类'],['1'],['深圳'],['2018-05-07']
['25928-语音算法高级工程师（深圳）'],['position_detail.php?id=39824&keywords=&tid=0&lid=0'],['技术类'],['1'],['深圳'],['2018-05-07']
['24491-e-Sports Broadcast Producer'],['position_detail.php?id=39815&keywords=&tid=0&lid=0'],['产品/项目类'],['1'],['美国'],['2018-05-07']
['MIG06-应用宝品牌营销经理（深圳）'],['position_detail.php?id=39816&keywords=&tid=0&lid=0'],['市场类'],['1'],['深圳'],['2018-05-07']
['16175-海外游戏运营策划经理'],['position_detail.php?id=39817&keywords=&tid=0&lid=0'],['产品/项目类'],['1'],['深圳'],['2018-05-07']
['24491-海外游戏活动运营'],['position_detail.php?id=39818&keywords=&tid=0&lid=0'],['产品/项目类'],['1'],['深圳'],['2018-05-07']
['18302-剑灵IP手游高级运营经理（深圳）'],['position_detail.php?id=39796&keywords=&tid=0&lid=0'],['产品/项目类'],['1'],['深圳'],['2018-05-07']
['18302-新动作手游高级商业化运营（深圳）'],['position_detail.php?id=39797&keywords=&tid=0&lid=0'],['产品/项目类'],['2'],['深圳'],['2018-05-07']
['21882-前端开发'],['position_detail.php?id=39798&keywords=&tid=0&lid=0'],['技术类'],['1'],['深圳'],['2018-05-07']
['23674-新闻图像视频算法高级工程师（北京）'],['position_detail.php?id=39799&keywords=&tid=0&lid=0'],['技术类'],['1'],['北京'],['2018-05-07']
['SD3-互娱游戏策划（深圳）'],['position_detail.php?id=39786&keywords=&tid=0&lid=0'],['产品/项目类'],['1'],['深圳'],['2018-05-07']
['18797-产品资源运营（深圳）'],['position_detail.php?id=39789&keywords=&tid=0&lid=0'],['产品/项目类'],['1'],['深圳'],['2018-05-07']
['SNG03-直播B侧运营经理（深圳）'],['position_detail.php?id=39790&keywords=&tid=0&lid=0'],['产品/项目类'],['1'],['深圳'],['2018-05-07']
['24546-商业分析师（上海）'],['position_detail.php?id=39791&keywords=&tid=0&lid=0'],['市场类'],['1'],['上海'],['2018-05-07']
['20718-物联网后台开发高级工程师（深圳）'],['position_detail.php?id=39793&keywords=&tid=0&lid=0'],['技术类'],['2'],['深圳'],['2018-05-07']
['SNG16-腾讯音乐商业化广告产品经理（深圳）'],['position_detail.php?id=39780&keywords=&tid=0&lid=0'],['产品/项目类'],['1'],['深圳'],['2018-05-07']
['MIG08-高级推荐算法工程师（腾讯wifi管家）（广州）'],['position_detail.php?id=39782&keywords=&tid=0&lid=0'],['技术类'],['1'],['广州'],['2018-05-07']
['MIG08-APP挖掘工程师（广州）'],['position_detail.php?id=39783&keywords=&tid=0&lid=0'],['技术类'],['1'],['广州'],['2018-05-07']
['MIG08-推荐算法工程师（广州）'],['position_detail.php?id=39784&keywords=&tid=0&lid=0'],['技术类'],['1'],['广州'],['2018-05-07']
['SNG10-即通用户设计部视觉设计师（上海）'],['position_detail.php?id=39785&keywords=&tid=0&lid=0'],['设计类'],['1'],['上海'],['2018-05-07']
['SD3-海外本地化策划(深圳)'],['position_detail.php?id=39787&keywords=&tid=0&lid=0'],['产品/项目类'],['2'],['深圳'],['2018-05-07']
['SA-腾讯社交广告微信朋友圈产品运营经理（微信广告 深圳）'],['position_detail.php?id=39774&keywords=&tid=0&lid=0'],['产品/项目类'],['2'],['深圳'],['2018-05-07']
['15575-QQ飞车手游高级UI设计师（成都）'],['position_detail.php?id=39777&keywords=&tid=0&lid=0'],['设计类'],['1'],['成都'],['2018-05-07']
['SNG03-渠道运营推广经理（深圳）'],['position_detail.php?id=39778&keywords=&tid=0&lid=0'],['产品/项目类'],['1'],['深圳'],['2018-05-07']
['15581-欢乐游戏公共组件开发工程师（深圳）'],['position_detail.php?id=39779&keywords=&tid=0&lid=0'],['技术类'],['1'],['深圳'],['2018-05-07']
['SNG06-鹅漫U品商品运营经理（深圳）'],['position_detail.php?id=39781&keywords=&tid=0&lid=0'],['产品/项目类'],['2'],['深圳'],['2018-05-07']
['24548-高级商业分析经理'],['position_detail.php?id=39770&keywords=&tid=0&lid=0'],['市场类'],['1'],['北京'],['2018-05-07']
['22850-腾讯视频VIP综合排播管理'],['position_detail.php?id=39771&keywords=&tid=0&lid=0'],['内容编辑类'],['1'],['北京'],['2018-05-07']
['22850-腾讯视频VIP活动营销专员'],['position_detail.php?id=39772&keywords=&tid=0&lid=0'],['内容编辑类'],['1'],['北京'],['2018-05-07']
['26699-智慧零售产品总监'],['position_detail.php?id=39773&keywords=&tid=0&lid=0'],['产品/项目类'],['1'],['深圳'],['2018-05-07']
['OMG192-策划经理'],['position_detail.php?id=39765&keywords=&tid=0&lid=0'],['市场类'],['1'],['上海'],['2018-05-07']
['27092-应用宝游戏产品经理（深圳）'],['position_detail.php?id=39766&keywords=&tid=0&lid=0'],['产品/项目类'],['2'],['深圳'],['2018-05-07']
['25664-腾讯云政务民生架构师（深圳）'],['position_detail.php?id=39767&keywords=&tid=0&lid=0'],['技术类'],['2'],['深圳'],['2018-05-07']
['27087-青腾汇高端社群运营经理（深圳）'],['position_detail.php?id=39768&keywords=&tid=0&lid=0'],['产品/项目类'],['1'],['深圳'],['2018-05-07']
['22967-大客户广告整合营销经理'],['position_detail.php?id=39769&keywords=&tid=0&lid=0'],['市场类'],['1'],['广州'],['2018-05-07']
['SD3-微信小游戏合作研发PM（深圳）'],['position_detail.php?id=39757&keywords=&tid=0&lid=0'],['产品/项目类'],['1'],['深圳'],['2018-05-07']
['23872-游戏市场商业分析（深圳）'],['position_detail.php?id=39762&keywords=&tid=0&lid=0'],['市场类'],['2'],['深圳'],['2018-05-07']
['SA-腾讯社交广告QQ广告商业化产品经理（深圳）'],['position_detail.php?id=39750&keywords=&tid=0&lid=0'],['产品/项目类'],['2'],['深圳'],['2018-05-07']
['22086-MLB内容运营（北京）'],['position_detail.php?id=39753&keywords=&tid=0&lid=0'],['内容编辑类'],['1'],['北京'],['2018-05-07']
['18425-信用卡还款开发工程师（深圳）'],['position_detail.php?id=39754&keywords=&tid=0&lid=0'],['技术类'],['1'],['深圳'],['2018-05-07']
['SNG11-主机安全后台开发工程师（深圳）'],['position_detail.php?id=39755&keywords=&tid=0&lid=0'],['技术类'],['4'],['深圳'],['2018-05-07']
['17759-视频安全管理（北京）'],['position_detail.php?id=39747&keywords=&tid=0&lid=0'],['产品/项目类'],['1'],['北京'],['2018-05-07']
['WXG06-211 微信支付物料平台行业运营经理'],['position_detail.php?id=39748&keywords=&tid=0&lid=0'],['产品/项目类'],['1'],['深圳'],['2018-05-07']
['19116-后台开发高级工程师（深圳）'],['position_detail.php?id=39749&keywords=&tid=0&lid=0'],['技术类'],['2'],['深圳'],['2018-05-07']
['WXG06-211 微信支付运营数据分析（深圳）'],['position_detail.php?id=39751&keywords=&tid=0&lid=0'],['产品/项目类'],['1'],['深圳'],['2018-05-07']
['SNG02-腾讯云教育行业高级产品经理（深圳）'],['position_detail.php?id=39741&keywords=&tid=0&lid=0'],['产品/项目类'],['2'],['深圳'],['2018-05-07']
['S2-OMG财务管理（北京）'],['position_detail.php?id=39742&keywords=&tid=0&lid=0'],['职能类'],['1'],['北京'],['2018-05-07']
['S2-OMG财务管理经理（北京）'],['position_detail.php?id=39743&keywords=&tid=0&lid=0'],['职能类'],['2'],['北京'],['2018-05-07']
['18434-页面重构前端开发（深圳）'],['position_detail.php?id=39744&keywords=&tid=0&lid=0'],['技术类'],['1'],['深圳'],['2018-05-07']
['18434-web前端开发工程师（深圳）'],['position_detail.php?id=39745&keywords=&tid=0&lid=0'],['技术类'],['1'],['深圳'],['2018-05-07']
['GY0-WeChat Payment Product Operation Manager(Malaysia)'],['position_detail.php?id=39746&keywords=&tid=0&lid=0'],['产品/项目类'],['1'],['马来西亚'],['2018-05-07']
['22086-体育产品后台开发（北京）'],['position_detail.php?id=39736&keywords=&tid=0&lid=0'],['技术类'],['1'],['北京'],['2018-05-07']
['SNG10-动漫UI开发工程师（深圳）'],['position_detail.php?id=39738&keywords=&tid=0&lid=0'],['设计类'],['1'],['深圳'],['2018-05-07']
['SNG10-动漫视觉设计师（深圳）'],['position_detail.php?id=39739&keywords=&tid=0&lid=0'],['设计类'],['1'],['深圳'],['2018-05-07']
['SNG10-动漫交互设计师（深圳）'],['position_detail.php?id=39740&keywords=&tid=0&lid=0'],['设计类'],['1'],['深圳'],['2018-05-07']
['27087-腾讯开放平台高级活动品牌策划经理（深圳）'],['position_detail.php?id=39730&keywords=&tid=0&lid=0'],['市场类'],['1'],['深圳'],['2018-05-07']
['SNG06-QQ动漫商业化高级产品经理（深圳）'],['position_detail.php?id=39732&keywords=&tid=0&lid=0'],['产品/项目类'],['1'],['深圳'],['2018-05-07']
['21882-高级医学编辑'],['position_detail.php?id=39733&keywords=&tid=0&lid=0'],['内容编辑类'],['2'],['深圳'],['2018-05-07']
['21882-高级医学编辑'],['position_detail.php?id=39734&keywords=&tid=0&lid=0'],['内容编辑类'],['2'],['北京'],['2018-05-07']
['27087-商业内容产品经理（深圳）'],['position_detail.php?id=39735&keywords=&tid=0&lid=0'],['产品/项目类'],['1'],['深圳'],['2018-05-07']
['24548-IP衍生产品设计师'],['position_detail.php?id=39737&keywords=&tid=0&lid=0'],['产品/项目类'],['1'],['北京'],['2018-05-07']
['MIG12-网络后台开发工程师（深圳）'],['position_detail.php?id=39724&keywords=&tid=0&lid=0'],['技术类'],['2'],['深圳'],['2018-05-07']
['24548-高级商业分析经理（上海）'],['position_detail.php?id=39726&keywords=&tid=0&lid=0'],['市场类'],['1'],['上海'],['2018-05-07']
['MIG12-5G开发工程师（业务应用）（深圳）'],['position_detail.php?id=39727&keywords=&tid=0&lid=0'],['技术类'],['2'],['深圳'],['2018-05-07']
['22968-KA汽车行业销售经理'],['position_detail.php?id=39728&keywords=&tid=0&lid=0'],['市场类'],['1'],['北京'],['2018-05-07']
['SNG06-企鹅电竞海外产品策划经理（深圳）'],['position_detail.php?id=39729&keywords=&tid=0&lid=0'],['产品/项目类'],['1'],['深圳'],['2018-05-07']
['SNG06-QQ动漫用户增长产品运营（深圳）'],['position_detail.php?id=39731&keywords=&tid=0&lid=0'],['产品/项目类'],['1'],['深圳'],['2018-05-07']
['26563-游戏发行产品运营（深圳）'],['position_detail.php?id=39718&keywords=&tid=0&lid=0'],['产品/项目类'],['4'],['深圳'],['2018-05-07']
['MIG12-网络标准专家/研究员（深圳/北京）'],['position_detail.php?id=39720&keywords=&tid=0&lid=0'],['技术类'],['1'],['深圳'],['2018-05-07']
['MIG12-5G业务研究员（深圳/北京）'],['position_detail.php?id=39721&keywords=&tid=0&lid=0'],['技术类'],['2'],['深圳'],['2018-05-07']
['19116-互联网+行业商务拓展经理（成都）'],['position_detail.php?id=39722&keywords=&tid=0&lid=0'],['市场类'],['1'],['成都'],['2018-05-07']
['19116-互联网+UI视觉设计师（深圳）'],['position_detail.php?id=39723&keywords=&tid=0&lid=0'],['设计类'],['1'],['深圳'],['2018-05-07']
['22090-高级交互设计师（深圳）'],['position_detail.php?id=39725&keywords=&tid=0&lid=0'],['设计类'],['1'],['深圳'],['2018-05-07']
['22850-腾讯视频VIP产品经理（深圳）'],['position_detail.php?id=39711&keywords=&tid=0&lid=0'],['产品/项目类'],['2'],['深圳'],['2018-05-07']
['22090-短视频推荐算法工程师（北京）'],['position_detail.php?id=39713&keywords=&tid=0&lid=0'],['技术类'],['1'],['北京'],['2018-05-07']
['MIG03-安全专项测试工程师（北京）'],['position_detail.php?id=39714&keywords=&tid=0&lid=0'],['技术类'],['1'],['北京'],['2018-05-07']
['17467-IP内容开发产品经理（深圳）'],['position_detail.php?id=39660&keywords=&tid=0&lid=0'],['产品/项目类'],['1'],['深圳'],['2018-05-07']
['27092-应用宝游戏用户运营（深圳）'],['position_detail.php?id=39663&keywords=&tid=0&lid=0'],['产品/项目类'],['1'],['深圳'],['2018-05-07']
['27092-应用宝游戏赛事运营（深圳）'],['position_detail.php?id=39664&keywords=&tid=0&lid=0'],['产品/项目类'],['1'],['深圳'],['2018-05-07']
['15611-Unity游戏客户端开发工程师（深圳）'],['position_detail.php?id=39665&keywords=&tid=0&lid=0'],['技术类'],['2'],['深圳'],['2018-05-07']
['19885-合资站经营负责人（长沙）'],['position_detail.php?id=39666&keywords=&tid=0&lid=0'],['市场类'],['1'],['长沙'],['2018-05-07']
['18402-MMO类手游本地化运营（深圳）'],['position_detail.php?id=39668&keywords=&tid=0&lid=0'],['产品/项目类'],['1'],['深圳'],['2018-05-07']
['21087-游戏本地化运营策划(（深圳）'],['position_detail.php?id=39653&keywords=&tid=0&lid=0'],['产品/项目类'],['2'],['深圳'],['2018-05-07']
['21087-游戏渠道用户运营经理（深圳）'],['position_detail.php?id=39654&keywords=&tid=0&lid=0'],['产品/项目类'],['1'],['深圳'],['2018-05-07']
['21087-游戏商业化运营策划（深圳）'],['position_detail.php?id=39656&keywords=&tid=0&lid=0'],['产品/项目类'],['1'],['深圳'],['2018-05-07']
['23674-新闻NLP算法高级工程师（北京）'],['position_detail.php?id=39657&keywords=&tid=0&lid=0'],['技术类'],['1'],['北京'],['2018-05-07']
['24491-Creative Design Manager(USA)'],['position_detail.php?id=39673&keywords=&tid=0&lid=0'],['市场类'],['1'],['美国'],['2018-05-07']
['MIG06-应用宝Android终端开发工程师（深圳）'],['position_detail.php?id=39675&keywords=&tid=0&lid=0'],['技术类'],['1'],['深圳'],['2018-05-07']
['XN-测试开发工程师（深圳）'],['position_detail.php?id=39676&keywords=&tid=0&lid=0'],['技术类'],['1'],['深圳'],['2018-05-07']
['27087-青腾大学服务运营经理（深圳）'],['position_detail.php?id=39677&keywords=&tid=0&lid=0'],['产品/项目类'],['1'],['深圳'],['2018-05-07']
['18402-移动游戏平台合作（深圳）'],['position_detail.php?id=39667&keywords=&tid=0&lid=0'],['产品/项目类'],['1'],['深圳'],['2018-05-07']
['18402-商业化与活动策划（深圳）'],['position_detail.php?id=39669&keywords=&tid=0&lid=0'],['产品/项目类'],['1'],['深圳'],['2018-05-07']
['15569-魂斗罗高级3D动画师（深圳）'],['position_detail.php?id=39670&keywords=&tid=0&lid=0'],['设计类'],['1'],['深圳'],['2018-05-07']
['15581-欢乐游戏运营策划（深圳）'],['position_detail.php?id=39671&keywords=&tid=0&lid=0'],['产品/项目类'],['1'],['深圳'],['2018-05-07']
['24491-Creative Design Director(USA)'],['position_detail.php?id=39672&keywords=&tid=0&lid=0'],['市场类'],['1'],['美国'],['2018-05-07']
['23674-搜索架构高级工程师（北京）'],['position_detail.php?id=39659&keywords=&tid=0&lid=0'],['技术类'],['3'],['北京'],['2018-05-07']
['22850-腾讯视频VIP渠道综合管理副组长/组长'],['position_detail.php?id=39716&keywords=&tid=0&lid=0'],['市场类'],['1'],['北京'],['2018-05-07']
['21229-RPG高级产品运营（上海）'],['position_detail.php?id=39717&keywords=&tid=0&lid=0'],['产品/项目类'],['1'],['上海'],['2018-05-07']
['26563-游戏平台产品策划（深圳）'],['position_detail.php?id=39719&keywords=&tid=0&lid=0'],['产品/项目类'],['3'],['深圳'],['2018-05-07']
['TEG06-应用后台开发工程师（深圳）'],['position_detail.php?id=39705&keywords=&tid=0&lid=0'],['技术类'],['2'],['深圳'],['2018-05-07']
['MIG06-应用宝内容运营产品经理（深圳）'],['position_detail.php?id=39706&keywords=&tid=0&lid=0'],['产品/项目类'],['1'],['深圳'],['2018-05-07']
['22850-腾讯视频会员数据产品经理（北京）'],['position_detail.php?id=39710&keywords=&tid=0&lid=0'],['产品/项目类'],['1'],['北京'],['2018-05-07']
['23486-证券产品视觉设计师（北京）'],['position_detail.php?id=39712&keywords=&tid=0&lid=0'],['设计类'],['1'],['北京'],['2018-05-07']
['23516-沙盒手游战略规划/项目管理（深圳）'],['position_detail.php?id=39702&keywords=&tid=0&lid=0'],['产品/项目类'],['1'],['深圳'],['2018-05-07']
['23516-沙盒类手游市场运营（深圳）'],['position_detail.php?id=39703&keywords=&tid=0&lid=0'],['产品/项目类'],['1'],['深圳'],['2018-05-07']
['23518-项目流程机制管理（深圳）'],['position_detail.php?id=39704&keywords=&tid=0&lid=0'],['产品/项目类'],['1'],['深圳'],['2018-05-07']
['18797-QQ游戏平台产品经理（深圳）'],['position_detail.php?id=39707&keywords=&tid=0&lid=0'],['产品/项目类'],['1'],['深圳'],['2018-05-07']
['SNG06-QQ动漫推荐策略高级产品经理（深圳）'],['position_detail.php?id=39694&keywords=&tid=0&lid=0'],['产品/项目类'],['1'],['深圳'],['2018-05-07']
['24547-体育商务合作经理（北京）'],['position_detail.php?id=39695&keywords=&tid=0&lid=0'],['内容编辑类'],['1'],['北京'],['2018-05-07']
['24549-互动运营经理（北京）'],['position_detail.php?id=39696&keywords=&tid=0&lid=0'],['市场类'],['2'],['北京'],['2018-05-07']
['24549-互动运营经理（上海）'],['position_detail.php?id=39697&keywords=&tid=0&lid=0'],['市场类'],['4'],['上海'],['2018-05-07']
['24549-互动运营经理（广州）'],['position_detail.php?id=39698&keywords=&tid=0&lid=0'],['市场类'],['1'],['广州'],['2018-05-07']
['25929-沙盒游戏高级关卡策划'],['position_detail.php?id=39689&keywords=&tid=0&lid=0'],['产品/项目类'],['2'],['深圳'],['2018-05-07']
['25929-沙盒游戏高级系统策划'],['position_detail.php?id=39690&keywords=&tid=0&lid=0'],['产品/项目类'],['2'],['深圳'],['2018-05-07']
['25929-游戏2D设计'],['position_detail.php?id=39691&keywords=&tid=0&lid=0'],['设计类'],['1'],['深圳'],['2018-05-07']
['25929-2D场景设计'],['position_detail.php?id=39692&keywords=&tid=0&lid=0'],['设计类'],['1'],['深圳'],['2018-05-07']
['18428-财付通运营开发工程师（深圳）'],['position_detail.php?id=39693&keywords=&tid=0&lid=0'],['技术类'],['1'],['深圳'],['2018-05-07']
['23673-短视频热点运营（北京）'],['position_detail.php?id=39683&keywords=&tid=0&lid=0'],['内容编辑类'],['2'],['北京'],['2018-05-07']
['OMG148-高级产品经理（北京）'],['position_detail.php?id=39686&keywords=&tid=0&lid=0'],['产品/项目类'],['2'],['北京'],['2018-05-07']
['23517-游戏发行制作人'],['position_detail.php?id=39687&keywords=&tid=0&lid=0'],['产品/项目类'],['1'],['深圳'],['2018-05-07']
['25929-互娱游戏高级3D动作设计'],['position_detail.php?id=39688&keywords=&tid=0&lid=0'],['设计类'],['1'],['深圳'],['2018-05-07']
['27092-应用宝游戏渠道运营（深圳）'],['position_detail.php?id=39680&keywords=&tid=0&lid=0'],['产品/项目类'],['1'],['深圳'],['2018-05-07']
['18428-财付通测试开发工程师（深圳）'],['position_detail.php?id=39681&keywords=&tid=0&lid=0'],['技术类'],['1'],['深圳'],['2018-05-07']
['23673-短视频热点运营高级编辑（北京）'],['position_detail.php?id=39682&keywords=&tid=0&lid=0'],['内容编辑类'],['1'],['北京'],['2018-05-07']
['25928-游戏客户端开发高级工程师 (深圳)'],['position_detail.php?id=39684&keywords=&tid=0&lid=0'],['技术类'],['1'],['深圳'],['2018-05-07']
['27092-腾讯效果广告-高级商业产品经理（深圳）'],['position_detail.php?id=39679&keywords=&tid=0&lid=0'],['产品/项目类'],['1'],['深圳'],['2018-05-07']
['23674-新闻搜索算法高级工程师（北京）'],['position_detail.php?id=39658&keywords=&tid=0&lid=0'],['技术类'],['3'],['北京'],['2018-05-07']
['24491-王者荣耀全球版3D角色设计师（深圳）'],['position_detail.php?id=39662&keywords=&tid=0&lid=0'],['设计类'],['1'],['深圳'],['2018-05-07']
['21087-游戏海外英语PM（深圳）'],['position_detail.php?id=39649&keywords=&tid=0&lid=0'],['产品/项目类'],['1'],['深圳'],['2018-05-07']
['21087-高级游戏业务分析经理（深圳）'],['position_detail.php?id=39650&keywords=&tid=0&lid=0'],['产品/项目类'],['1'],['深圳'],['2018-05-07']
['21087-渠道及内部合作游戏运营（深圳）'],['position_detail.php?id=39651&keywords=&tid=0&lid=0'],['产品/项目类'],['1'],['深圳'],['2018-05-07']
['21087-游戏版本管理（深圳)'],['position_detail.php?id=39652&keywords=&tid=0&lid=0'],['产品/项目类'],['2'],['深圳'],['2018-05-07']
['21087-游戏市场运营策划（深圳）'],['position_detail.php?id=39655&keywords=&tid=0&lid=0'],['产品/项目类'],['1'],['深圳'],['2018-05-07']
['15611-游戏开发工程师（深圳）'],['position_detail.php?id=39641&keywords=&tid=0&lid=0'],['技术类'],['3'],['深圳'],['2018-05-07']
['15573-移动游戏数据分析（深圳）'],['position_detail.php?id=39644&keywords=&tid=0&lid=0'],['产品/项目类'],['1'],['深圳'],['2018-05-07']
['SNG16-全民K歌VIP产品经理（深圳）'],['position_detail.php?id=39645&keywords=&tid=0&lid=0'],['产品/项目类'],['1'],['深圳'],['2018-05-07']
['SNG16-腾讯音乐后台开发工程师（深圳）'],['position_detail.php?id=39646&keywords=&tid=0&lid=0'],['技术类'],['2'],['深圳'],['2018-05-07']
['21087-业务流程管理（深圳）'],['position_detail.php?id=39648&keywords=&tid=0&lid=0'],['产品/项目类'],['1'],['深圳'],['2018-05-07']
['25924-PHP开发工程师（深圳）'],['position_detail.php?id=39636&keywords=&tid=0&lid=0'],['技术类'],['1'],['深圳'],['2018-05-07']
['MIG12-技术运营工程师（深圳）'],['position_detail.php?id=39638&keywords=&tid=0&lid=0'],['技术类'],['1'],['深圳'],['2018-05-07']
['15611-游戏后台开发工程师（深圳）'],['position_detail.php?id=39639&keywords=&tid=0&lid=0'],['技术类'],['1'],['深圳'],['2018-05-07']
['15611-手机游戏开发工程师（深圳）'],['position_detail.php?id=39640&keywords=&tid=0&lid=0'],['技术类'],['1'],['深圳'],['2018-05-07']
['15573-移动游戏数值策划（深圳）'],['position_detail.php?id=39642&keywords=&tid=0&lid=0'],['产品/项目类'],['1'],['深圳'],['2018-05-07']
['22852-演播室音频工程师'],['position_detail.php?id=39631&keywords=&tid=0&lid=0'],['技术类'],['1'],['北京'],['2018-05-07']
['SNG01-腾讯文档产品经理(深圳)'],['position_detail.php?id=39633&keywords=&tid=0&lid=0'],['产品/项目类'],['2'],['深圳'],['2018-05-07']
['SNG01-腾讯文档高级产品经理（深圳）'],['position_detail.php?id=39634&keywords=&tid=0&lid=0'],['产品/项目类'],['2'],['深圳'],['2018-05-07']
['SNG06-手Q游戏中心web前端工程师（深圳）'],['position_detail.php?id=39635&keywords=&tid=0&lid=0'],['技术类'],['2'],['深圳'],['2018-05-07']
['MIG12-高级数据产品经理（深圳）'],['position_detail.php?id=39637&keywords=&tid=0&lid=0'],['产品/项目类'],['1'],['深圳'],['2018-05-07']
['24491-Sr. Influencer Marketing Manager(USA)'],['position_detail.php?id=39626&keywords=&tid=0&lid=0'],['市场类'],['1'],['美国'],['2018-05-07']
['25663-金融云高级渠道运营经理(深圳)'],['position_detail.php?id=39628&keywords=&tid=0&lid=0'],['产品/项目类'],['1'],['深圳'],['2018-05-07']
['6486-IEG行政事务副总监（深圳）'],['position_detail.php?id=39629&keywords=&tid=0&lid=0'],,['1'],['深圳'],['2018-05-07']
['MIG16-LBS高级数据产品经理（北京）'],['position_detail.php?id=39630&keywords=&tid=0&lid=0'],['产品/项目类'],['1'],['北京'],['2018-05-07']
['SNG01-腾讯文档Web前端开发工程师（深圳）'],['position_detail.php?id=39632&keywords=&tid=0&lid=0'],['技术类'],['3'],['深圳'],['2018-05-07']
['24491-Influencer Marketing Manager(USA)'],['position_detail.php?id=39623&keywords=&tid=0&lid=0'],['市场类'],['1'],['美国'],['2018-05-07']
['24491-Senior UA manager(USA)'],['position_detail.php?id=39624&keywords=&tid=0&lid=0'],['市场类'],['1'],['美国'],['2018-05-07']
['24491-UA Manager(USA)'],['position_detail.php?id=39625&keywords=&tid=0&lid=0'],['市场类'],['1'],['美国'],['2018-05-07']
['24491-e-Sports Manager'],['position_detail.php?id=39627&keywords=&tid=0&lid=0'],['市场类'],['1'],['美国'],['2018-05-07']
['OMG097-iOS客户端开发'],['position_detail.php?id=39617&keywords=&tid=0&lid=0'],['技术类'],['1'],['北京'],['2018-05-07']
['24491-Contract Graphic Designer'],['position_detail.php?id=39620&keywords=&tid=0&lid=0'],['设计类'],['1'],['美国'],['2018-05-07']
['24491-Sr. Data Scientist'],['position_detail.php?id=39621&keywords=&tid=0&lid=0'],['市场类'],['1'],['美国'],['2018-05-07']
['24491-Content Manager'],['position_detail.php?id=39622&keywords=&tid=0&lid=0'],['市场类'],['1'],['美国'],['2018-05-07']
['24111-交互设计师'],['position_detail.php?id=39611&keywords=&tid=0&lid=0'],['设计类'],['1'],['深圳'],['2018-05-07']
['RP-应用开发工程师（深圳）'],['position_detail.php?id=39613&keywords=&tid=0&lid=0'],['技术类'],['1'],['深圳'],['2018-05-07']
['MIG12-高级服务器开发工程师（深圳）'],['position_detail.php?id=39614&keywords=&tid=0&lid=0'],['技术类'],['1'],['深圳'],['2018-05-07']
['MIG12-高级后台开发工程师（深圳）'],['position_detail.php?id=39615&keywords=&tid=0&lid=0'],['技术类'],['1'],['深圳'],['2018-05-07']
['16810-腾讯动漫产品策划经理（深圳）'],['position_detail.php?id=39616&keywords=&tid=0&lid=0'],['产品/项目类'],['1'],['深圳'],['2018-05-07']
['OMG097-Android客户端开发'],['position_detail.php?id=39618&keywords=&tid=0&lid=0'],['技术类'],['1'],['北京'],['2018-05-07']
['MIG13-通讯安全后台开发工程师（深圳）'],['position_detail.php?id=39604&keywords=&tid=0&lid=0'],['技术类'],['2'],['深圳'],['2018-05-07']
['SNG11-高级系统技术工程师（深圳）'],['position_detail.php?id=39606&keywords=&tid=0&lid=0'],['技术类'],['2'],['深圳'],['2018-05-07']
['15575-《王者荣耀》高级客户端开发工程师（成都）'],['position_detail.php?id=39607&keywords=&tid=0&lid=0'],['技术类'],['1'],['成都'],['2018-05-07']
['25923-手游网络加速Android工程师（深圳）'],['position_detail.php?id=39609&keywords=&tid=0&lid=0'],['技术类'],['1'],['深圳'],['2018-05-07']
['TEG12-IDC高级规划师(深圳）'],['position_detail.php?id=39610&keywords=&tid=0&lid=0'],['技术类'],['1'],['深圳'],['2018-05-07']
['TEG12-数据中心建筑设计师（深圳）'],['position_detail.php?id=39612&keywords=&tid=0&lid=0'],['技术类'],['1'],['深圳'],['2018-05-07']
['SNG16-腾讯音乐Web质量测试工程师（深圳）'],['position_detail.php?id=39598&keywords=&tid=0&lid=0'],['技术类'],['1'],['深圳'],['2018-05-07']
['SNG16-全民K歌Android开发工程师（深圳）'],['position_detail.php?id=39600&keywords=&tid=0&lid=0'],['技术类'],['2'],['深圳'],['2018-05-07']
['SNG11-Web前端开发工程师（深圳）'],['position_detail.php?id=39601&keywords=&tid=0&lid=0'],['技术类'],['1'],['深圳'],['2018-05-07']
['27092-游戏平台产品经理（深圳）'],['position_detail.php?id=39577&keywords=&tid=0&lid=0'],['产品/项目类'],['1'],['深圳'],['2018-05-07']
['23671-前端开发工程师（北京）'],['position_detail.php?id=39578&keywords=&tid=0&lid=0'],['技术类'],['1'],['北京'],['2018-05-07']
['WXG07-412 QQ邮箱交互设计师（广州）'],['position_detail.php?id=39579&keywords=&tid=0&lid=0'],['设计类'],['1'],['广州'],['2018-05-07']
['MIG16-开放平台产品经理（北京）'],['position_detail.php?id=39580&keywords=&tid=0&lid=0'],['产品/项目类'],['1'],['北京'],['2018-05-07']
['MIG16-开放平台产品运营经理（北京）'],['position_detail.php?id=39581&keywords=&tid=0&lid=0'],['产品/项目类'],['1'],['北京'],['2018-05-07']
['WXG06-113 微信支付事务型开发工程师(深圳)'],['position_detail.php?id=39583&keywords=&tid=0&lid=0'],['技术类'],['4'],['深圳'],['2018-05-07']
['15579-互娱2D角色美术设计(深圳)'],['position_detail.php?id=39571&keywords=&tid=0&lid=0'],['设计类'],['4'],['深圳'],['2018-05-07']
['SD9-Unity3D手游客户端开发工程师(深圳)'],['position_detail.php?id=39572&keywords=&tid=0&lid=0'],['技术类'],['5'],['深圳'],['2018-05-07']
['SD9-UnrealEngine游戏客户端开发工程师(深圳)'],['position_detail.php?id=39573&keywords=&tid=0&lid=0'],['技术类'],['5'],['深圳'],['2018-05-07']
['19867-游戏后台开发工程师（深圳）'],['position_detail.php?id=39574&keywords=&tid=0&lid=0'],['技术类'],['2'],['深圳'],['2018-05-07']
['SNG11-安全运营工程师（深圳）'],['position_detail.php?id=39602&keywords=&tid=0&lid=0'],['技术类'],['1'],['深圳'],['2018-05-07']
['SNG03-QQ附近社交功能产品经理（深圳）'],['position_detail.php?id=39603&keywords=&tid=0&lid=0'],['产品/项目类'],['1'],['深圳'],['2018-05-07']
['SNG11-组件研发工程师（深圳）'],['position_detail.php?id=39605&keywords=&tid=0&lid=0'],['技术类'],['1'],['深圳'],['2018-05-07']
['20772-企鹅影视电视剧文学编辑'],['position_detail.php?id=39594&keywords=&tid=0&lid=0'],['产品/项目类'],['2'],['北京'],['2018-05-07']
['21882-文字编辑'],['position_detail.php?id=39596&keywords=&tid=0&lid=0'],['内容编辑类'],['1'],['北京'],['2018-05-07']
['SNG16-腾讯音乐IOS质量测试工程师（深圳）'],['position_detail.php?id=39597&keywords=&tid=0&lid=0'],['技术类'],['1'],['深圳'],['2018-05-07']
['TEG15-计费后台开发工程师（深圳）'],['position_detail.php?id=39599&keywords=&tid=0&lid=0'],['技术类'],['1'],['深圳'],['2018-05-07']
['OMG148-房产主编'],['position_detail.php?id=39588&keywords=&tid=0&lid=0'],['内容编辑类'],['1'],['北京'],['2018-05-07']
['SA-腾讯社交广告测试开发工程师（深圳）'],['position_detail.php?id=39590&keywords=&tid=0&lid=0'],['技术类'],['1'],['深圳'],['2018-05-07']
['18434-UI视觉设计师（深圳）'],['position_detail.php?id=39591&keywords=&tid=0&lid=0'],['设计类'],['2'],['深圳'],['2018-05-07']
['27092-应用宝游戏用户画像与算法产品经理（深圳）'],['position_detail.php?id=39576&keywords=&tid=0&lid=0'],['产品/项目类'],['1'],['深圳'],['2018-05-07']
['MIG15-高级电子工程师'],['position_detail.php?id=39565&keywords=&tid=0&lid=0'],['技术类'],['1'],['深圳'],['2018-05-07']
['15579-游戏后台开发工程师（深圳）'],['position_detail.php?id=39566&keywords=&tid=0&lid=0'],['技术类'],['2'],['深圳'],['2018-05-07']
['21228-集换式卡牌游戏英语海外PM（深圳）'],['position_detail.php?id=39567&keywords=&tid=0&lid=0'],['产品/项目类'],['1'],['深圳'],['2018-05-07']
['GY0-测试工程师（深圳）'],['position_detail.php?id=39569&keywords=&tid=0&lid=0'],['技术类'],['1'],['深圳'],['2018-05-07']
['15712-互娱资深平面设计（深圳）'],['position_detail.php?id=39570&keywords=&tid=0&lid=0'],['设计类'],['1'],['深圳'],['2018-05-07']
['MIG08-大数据平台架构师（北京）'],['position_detail.php?id=39559&keywords=&tid=0&lid=0'],['技术类'],['1'],['北京'],['2018-05-07']
['MIG08-物联网云平台高级工程师（北京）'],['position_detail.php?id=39561&keywords=&tid=0&lid=0'],['技术类'],['1'],['北京'],['2018-05-07']
['MIG12-网络研究工程师（北京/深圳）'],['position_detail.php?id=39562&keywords=&tid=0&lid=0'],['技术类'],['1'],['北京'],['2018-05-07']
['MIG12-网络研究工程师（北京/深圳）'],['position_detail.php?id=39563&keywords=&tid=0&lid=0'],['技术类'],['2'],['深圳'],['2018-05-07']
['22090-推荐策略产品经理（北京）'],['position_detail.php?id=39592&keywords=&tid=0&lid=0'],['产品/项目类'],['2'],['北京'],['2018-05-07']
['22090-高级产品运营（北京）'],['position_detail.php?id=39593&keywords=&tid=0&lid=0'],['产品/项目类'],['2'],['北京'],['2018-05-07']
['21882-文字编辑'],['position_detail.php?id=39595&keywords=&tid=0&lid=0'],['内容编辑类'],['1'],['深圳'],['2018-05-07']
['24491-王者荣耀全球版韩国区域运营（深圳）'],['position_detail.php?id=39582&keywords=&tid=0&lid=0'],['产品/项目类'],['1'],['深圳'],['2018-05-07']
['WXG06-113 微信支付事务型开发工程师(广州)'],['position_detail.php?id=39584&keywords=&tid=0&lid=0'],['技术类'],['2'],['广州'],['2018-05-07']
['18428-金融云技术组组长（深圳）'],['position_detail.php?id=39585&keywords=&tid=0&lid=0'],['技术类'],['1'],['深圳'],['2018-05-07']
['25663-智慧零售业务项目经理（成都/上海）'],['position_detail.php?id=39586&keywords=&tid=0&lid=0'],['产品/项目类'],['2'],['上海'],['2018-05-07']
['25663-智慧零售业务项目经理（成都/上海）'],['position_detail.php?id=39587&keywords=&tid=0&lid=0'],['产品/项目类'],['1'],['成都'],['2018-05-07']
['19116-互联网+视觉设计师（深圳）'],['position_detail.php?id=39589&keywords=&tid=0&lid=0'],['设计类'],['1'],['深圳'],['2018-05-07']
['15583-棋牌游戏运营（深圳）'],['position_detail.php?id=39575&keywords=&tid=0&lid=0'],['产品/项目类'],['1'],['深圳'],['2018-05-07']
['MIG15-高级测试工程师'],['position_detail.php?id=39564&keywords=&tid=0&lid=0'],['技术类'],['1'],['深圳'],['2018-05-07']
['18425-腾讯区块链Baas平台产品架构师（深圳）'],['position_detail.php?id=39553&keywords=&tid=0&lid=0'],['产品/项目类'],['1'],['深圳'],['2018-05-07']
['18425-区块链应用服务开发工程师（深圳）'],['position_detail.php?id=39555&keywords=&tid=0&lid=0'],['技术类'],['1'],['深圳'],['2018-05-07']
['18425-腾讯区块链行业方案产品经理（深圳）'],['position_detail.php?id=39556&keywords=&tid=0&lid=0'],['产品/项目类'],['1'],['深圳'],['2018-05-07']
['18432-腾讯互联网金融高级法律顾问（北京）'],['position_detail.php?id=39558&keywords=&tid=0&lid=0'],['职能类'],['1'],['北京'],['2018-05-07']
['MIG08-web前端开发工程师（北京）'],['position_detail.php?id=39560&keywords=&tid=0&lid=0'],['技术类'],['1'],['北京'],['2018-05-07']
['SNG03-社交产品运营经理（深圳）'],['position_detail.php?id=39546&keywords=&tid=0&lid=0'],['产品/项目类'],['1'],['深圳'],['2018-05-07']
['SNG11-后台运营开发工程师（深圳）'],['position_detail.php?id=39549&keywords=&tid=0&lid=0'],['技术类'],['2'],['深圳'],['2018-05-07']
['18427-理财通金融产品经理（深圳）'],['position_detail.php?id=39550&keywords=&tid=0&lid=0'],['产品/项目类'],['1'],['深圳'],['2018-05-07']
['WXG01-321 终端业务拓展BD(深圳/广州）'],['position_detail.php?id=39551&keywords=&tid=0&lid=0'],['市场类'],['1'],['广州'],['2018-05-07']
['18425-腾讯区块链开发平台产品策划经理(深圳)'],['position_detail.php?id=39554&keywords=&tid=0&lid=0'],['产品/项目类'],['2'],['深圳'],['2018-05-07']
['BJ-员工福利配套运营经理'],['position_detail.php?id=39538&keywords=&tid=0&lid=0'],['职能类'],['1'],['北京'],['2018-05-07']
['SNG16-全民K歌海外版产品经理（深圳）'],['position_detail.php?id=39541&keywords=&tid=0&lid=0'],['产品/项目类'],['1'],['深圳'],['2018-05-07']
['SNG10-即通用户设计部-交互设计师（深圳）'],['position_detail.php?id=39542&keywords=&tid=0&lid=0'],['设计类'],['2'],['深圳'],['2018-05-07']
['26563-高级后台开发工程师(深圳）'],['position_detail.php?id=39543&keywords=&tid=0&lid=0'],['技术类'],['1'],['深圳'],['2018-05-07']
['26563-高级PC客户端开发工程师(深圳）'],['position_detail.php?id=39545&keywords=&tid=0&lid=0'],['技术类'],['1'],['深圳'],['2018-05-07']
['15581-欢乐斗地主手机版客户端开发工程师（深圳）'],['position_detail.php?id=39547&keywords=&tid=0&lid=0'],['技术类'],['3'],['深圳'],['2018-05-07']
['WXG04-211 微信小游戏平台运营经理'],['position_detail.php?id=39535&keywords=&tid=0&lid=0'],['产品/项目类'],['1'],['广州'],['2018-05-07']
['MIG03-应用宝UI视觉设计师'],['position_detail.php?id=39536&keywords=&tid=0&lid=0'],['设计类'],['1'],['深圳'],['2018-05-07']
['BJ-员工福利运营经理'],['position_detail.php?id=39537&keywords=&tid=0&lid=0'],['职能类'],['1'],['北京'],['2018-05-07']
['MIG12-数据平台后台开发工程师（深圳）'],['position_detail.php?id=39539&keywords=&tid=0&lid=0'],['技术类'],['1'],['深圳'],['2018-05-07']
['18402-MMORPG手游数据分析（深圳）'],['position_detail.php?id=39540&keywords=&tid=0&lid=0'],['产品/项目类'],['1'],['深圳'],['2018-05-07']
['22090-Android开发工程师（深圳）'],['position_detail.php?id=39527&keywords=&tid=0&lid=0'],['技术类'],['1'],['深圳'],['2018-05-07']
['22090-IOS开发工程师（深圳）'],['position_detail.php?id=39528&keywords=&tid=0&lid=0'],['技术类'],['1'],['深圳'],['2018-05-07']
['18425-乘车码产品运营经理'],['position_detail.php?id=39529&keywords=&tid=0&lid=0'],['产品/项目类'],['1'],['深圳'],['2018-05-07']
['MIG09-大数据高级研发工程师-用户画像'],['position_detail.php?id=39530&keywords=&tid=0&lid=0'],['技术类'],['1'],['深圳'],['2018-05-07']
['MIG15-腾讯叮当商务拓展经理'],['position_detail.php?id=39531&keywords=&tid=0&lid=0'],['市场类'],['1'],['深圳'],['2018-05-07']
['MIG09-QQ浏览器资讯推荐算法高级工程师（北京）'],['position_detail.php?id=39532&keywords=&tid=0&lid=0'],['技术类'],['1'],['北京'],['2018-05-07']
['16175-移动终端开发工程师'],['position_detail.php?id=39533&keywords=&tid=0&lid=0'],['技术类'],['1'],['深圳'],['2018-05-07']
['OMG192-腾讯广告渠道销售经理（广州）'],['position_detail.php?id=39534&keywords=&tid=0&lid=0'],['市场类'],['1'],['广州'],['2018-05-07']
['23675-IOS客户端开发（北京）'],['position_detail.php?id=39523&keywords=&tid=0&lid=0'],['技术类'],['1'],['北京'],['2018-05-07']
['23675-后台开发（北京）'],['position_detail.php?id=39524&keywords=&tid=0&lid=0'],['技术类'],['2'],['北京'],['2018-05-07']
['21089-英雄联盟游戏运营（深圳）'],['position_detail.php?id=39525&keywords=&tid=0&lid=0'],['产品/项目类'],['1'],['深圳'],['2018-05-07']
['27087-国际市场商务拓展经理-版权内容方向（深圳）'],['position_detail.php?id=39526&keywords=&tid=0&lid=0'],['市场类'],['1'],['深圳'],['2018-05-07']
['SA-腾讯社交广告SMB旅游行业经理（深圳）'],['position_detail.php?id=39516&keywords=&tid=0&lid=0'],['市场类'],['1'],['深圳'],['2018-05-07']
['18402-休闲手游版本管理及本地化（深圳）'],['position_detail.php?id=39518&keywords=&tid=0&lid=0'],['产品/项目类'],['1'],['深圳'],['2018-05-07']
['SNG03-短视频内容运营经理（深圳）'],['position_detail.php?id=39519&keywords=&tid=0&lid=0'],['产品/项目类'],['2'],['深圳'],['2018-05-07']
['15602-日漫项目组文案策划（深圳）'],['position_detail.php?id=39521&keywords=&tid=0&lid=0'],['产品/项目类'],['1'],['深圳'],['2018-05-07']
['15602-回合制数值策划（深圳）'],['position_detail.php?id=39522&keywords=&tid=0&lid=0'],['产品/项目类'],['1'],['深圳'],['2018-05-07']
['15585-互娱后台程序开发（深圳）'],['position_detail.php?id=39512&keywords=&tid=0&lid=0'],['技术类'],['1'],['深圳'],['2018-05-07']
['23675-投资分析经理（北京）'],['position_detail.php?id=39514&keywords=&tid=0&lid=0'],['市场类'],['1'],['北京'],['2018-05-07']
['TEG14-云网络高级研发工程师（深圳）'],['position_detail.php?id=39515&keywords=&tid=0&lid=0'],['技术类'],['3'],['深圳'],['2018-05-07']
['SNG11-推荐/广告后台开发工程师（深圳）'],['position_detail.php?id=39517&keywords=&tid=0&lid=0'],['技术类'],['2'],['深圳'],['2018-05-07']
['MIG03-语音识别工程师（深圳）'],['position_detail.php?id=39504&keywords=&tid=0&lid=0'],['技术类'],['2'],['深圳'],['2018-05-07']
['27087-双百计划投资公司市场运营经理（深圳）'],['position_detail.php?id=39509&keywords=&tid=0&lid=0'],['市场类'],['1'],['深圳'],['2018-05-07']
['19332-高级Web后台开发工程师(上海)'],['position_detail.php?id=39511&keywords=&tid=0&lid=0'],['技术类'],['3'],['上海'],['2018-05-07']
['25927-高级安卓虚拟化工程师（上海）'],['position_detail.php?id=39513&keywords=&tid=0&lid=0'],['技术类'],['1'],['上海'],['2018-05-07']
['27087-高级广告算法工程师 （深圳）'],['position_detail.php?id=39498&keywords=&tid=0&lid=0'],['技术类'],['1'],['深圳'],['2018-05-07']
['MIG03-测试开发工程师（北京）'],['position_detail.php?id=39500&keywords=&tid=0&lid=0'],['技术类'],['2'],['北京'],['2018-05-07']
['MIG03-车联网车厂合作项目品质管理工程师（北京）'],['position_detail.php?id=39501&keywords=&tid=0&lid=0'],['技术类'],['2'],['北京'],['2018-05-07']
['18402-MMORPG手游数据分析（深圳）'],['position_detail.php?id=39486&keywords=&tid=0&lid=0'],['产品/项目类'],['1'],['深圳'],['2018-05-07']
['18402-MMO手游本地化运营（深圳）'],['position_detail.php?id=39487&keywords=&tid=0&lid=0'],['产品/项目类'],['1'],['深圳'],['2018-05-07']
['15602-3D动作设计师（深圳）'],['position_detail.php?id=39488&keywords=&tid=0&lid=0'],['设计类'],['1'],['深圳'],['2018-05-07']
['CG-运营类服务器部件采购商务主管'],['position_detail.php?id=39489&keywords=&tid=0&lid=0'],['职能类'],['3'],['深圳'],['2018-05-07']
['CG-运营类采购商务主管（ODM/OEM）'],['position_detail.php?id=39490&keywords=&tid=0&lid=0'],['职能类'],['2'],['深圳'],['2018-05-07']
['26699-智慧零售高级市场传播经理'],['position_detail.php?id=39492&keywords=&tid=0&lid=0'],,['1'],['深圳'],['2018-05-07']
['25927-移动游戏高级测试开发工程师（成都）'],['position_detail.php?id=39477&keywords=&tid=0&lid=0'],['技术类'],['1'],['成都'],['2018-05-07']
['21228-集换式卡牌游戏数据分析（深圳）'],['position_detail.php?id=39478&keywords=&tid=0&lid=0'],['产品/项目类'],['1'],['深圳'],['2018-05-07']
['21228-集换式卡牌游戏市场与合作（深圳）'],['position_detail.php?id=39479&keywords=&tid=0&lid=0'],['产品/项目类'],['1'],['深圳'],['2018-05-07']
['21228-集换式卡牌游戏电竞赛事运营（深圳）'],['position_detail.php?id=39480&keywords=&tid=0&lid=0'],['产品/项目类'],['1'],['深圳'],['2018-05-07']
['22090-短视频产品经理（深圳）'],['position_detail.php?id=39502&keywords=&tid=0&lid=0'],['产品/项目类'],['2'],['深圳'],['2018-05-07']
['MIG09-QQ浏览器大资讯高级后台开发工程师'],['position_detail.php?id=39503&keywords=&tid=0&lid=0'],['技术类'],['1'],['深圳'],['2018-05-07']
['27087-众创空间区域运营经理（北京）'],['position_detail.php?id=39506&keywords=&tid=0&lid=0'],['产品/项目类'],['1'],['北京'],['2018-05-07']
['24491-王者荣耀全球版-资深项目经理（深圳）'],['position_detail.php?id=39491&keywords=&tid=0&lid=0'],['产品/项目类'],['1'],['深圳'],['2018-05-07']
['27087-商业化产品运营(北京）'],['position_detail.php?id=39494&keywords=&tid=0&lid=0'],['产品/项目类'],['1'],['北京'],['2018-05-07']
['27087-投后管理内容运营产品经理（深圳）'],['position_detail.php?id=39496&keywords=&tid=0&lid=0'],['产品/项目类'],['1'],['深圳'],['2018-05-07']
['27087-高级广告后台工程师（深圳）'],['position_detail.php?id=39497&keywords=&tid=0&lid=0'],['技术类'],['1'],['深圳'],['2018-05-07']
['27087-高级前端广告工程师（深圳）'],['position_detail.php?id=39499&keywords=&tid=0&lid=0'],['技术类'],['1'],['深圳'],['2018-05-07']
['WXG10-321 企业微信商务推广经理（上海-政府方向）'],['position_detail.php?id=39483&keywords=&tid=0&lid=0'],['市场类'],['1'],['上海'],['2018-05-07']
['15602-手游3D场景设计（深圳）'],['position_detail.php?id=39484&keywords=&tid=0&lid=0'],['设计类'],['1'],['深圳'],['2018-05-07']
